Dataset ID,Dataset Short Name/HTML,URL,File name (.csv or .xlxs) - spelling as given on database,File size ,Details/Comments
ds001,Lettuce Growth Days Analysis,https://www.kaggle.com/datasets/jurijsruko/lettuce,lettuce_dataset.csv,101.81 kB,Lettuce growth
ds002,Student Depression Dataset,https://www.kaggle.com/datasets/adilshamim8/student-depression-dataset,student_depression_dataset.csv(2.9 MB),2.9 MB,High School Mental Health
ds003,Loan Approval Classification Dataset,https://www.kaggle.com/datasets/taweilo/loan-approval-classification-data,loan_data.csv(3.61 MB),3.61 MB,Loan Approval
ds004,Remote Work & Mental Health ????,https://www.kaggle.com/datasets/waqi786/remote-work-and-mental-health,Impact_of_Remote_Work_on_Mental_Health.csv(59,598 kB,Physical Modes of Work
ds005,Unemployment rates by Metropolitan Statistical Area 1990-2016,https://data.world/garyhoov/unemployment-rate-by-city,Unemployment rates by Metropolitan Statistical Area 1990-2016.xlsx,7.28 MB,Unemployment rates in US - split by metropolitan area and by year frm 1990 - 2016
ds006,Mental Health in Tech Survey summary,https://data.world/quanticdata/mental-health-in-tech-survey,survey.csv,296.57 KB,Results from mental health survey for workers in tech industry in US
ds007,Stockport Secondary School Attendance and Free School Meals,https://data.world/datagov-uk/9aa522bb-bab4-4352-9e76-a47bd32139fc,secondary-free-school-meals-csv-1.csv AND secondary-attendance-csv-2.csv,19.55 KB,Attendance and free meal eligibility for secondary school students in Stockport.
ds008,Activity History,https://data.world/jarnoma/activity-history,ACTIVITIESdata.csv,64.45 KB,Different type of physical activity data with heart rate and calories burned
ds009,Olympic medals & host cities summary,https://data.world/ian/olympic-medals-host-cities,"Summer Olympics medal count, participation, hosting - Sheet2.csv",2.43 KB,"Number of times each country has hosted the Summer olympics, medals won and games played."
ds010,[CONTENT WARNING] Breast Cancer Wisconsin summary,https://data.world/health/breast-cancer-wisconsin,breast-cancer-wisconsin-data/data.csv,122.27 KB,Characteristics of cell nuclei from breast cancer screenings.
ds011,Prison in India - Inmates Escapee,https://data.world/rajanand/prison-in-india/workspace/project-summary?agentid=rajanand&datasetid=prison-in-india,Inmates_escapee.csv,366.27 KB,Persons arrested or in Indian prisons who escaped.
ds012,Prison in India - Recidivism,https://data.world/rajanand/prison-in-india/workspace/project-summary?agentid=rajanand&datasetid=prison-in-india,Recidivism.csv,10.52 KB,Reoffenders arrested and admitted into Indian prisons
ds013,Silicon Valley Diversity Data summary,https://data.world/technology/silicon-valley-diversity-data/workspace/project-summary?agentid=technology&datasetid=silicon-valley-diversity-data,Reveal_EEO1_for_2016.csv,217.3 KB,Gender and ethnicity data for employees in Silicon Valley
ds014,Bank Marketing Data,https://data.world/data-society/bank-marketing-data,bank-additional-full.csv,5.56 MB,Person data from bank marketing campaigns.
ds015,Tennis Major Tournament Match Statistics summary,https://data.world/uci/tennis-major-tournament-match-statistics,Wimbledon-men-2013.csv,13.54 KB,Match data for all matches played in Wimbledon 2013
ds016,Road Traffic Accidents 2018,https://data.world/datagov-uk/6efe5505-941f-45bf-b576-4c1e09b579a1/workspace/project-summary,2018-5.csv,182.23 KB,"Causes of road traffic accidents across Leeds, includes location, number of people and vehicles involved, road surface, weather conditions and severity of any casualties."
ds017,NBA Salaries,https://data.world/datadavis/nba-salaries,players.csv AND salaries_1985to2018.csv,783.07 KB,NBA player attribute and salaries from 1985 to 2018
ds018,2016 Hacker News Salary Survey Results,https://data.world/brandon-telle/2016-hacker-news-salary-survey-results,salaries_clean.csv,181.04 KB,"Self-reported salaries of tech employees, via Hacker News survey."
ds019,China Largest Companies,https://data.world/finance/china-largest-companies,China_largest_companies.csv,5.65 KB,"China's largest company data, from Forbes Global 2000 "
ds020,Kaggle Machine Learning & Data Science Survey - 2020,https://data.world/technology/kaggle-machine-learning-data-science-survey,kaggle_survey_2020_responses.csv,24.2 MB,Industry-wide survey of employees working across Kaggle
ds021,Nobel Prize Winners summary,https://data.world/sya/nobel-prize-winners,nobel_prize_by_winner.csv,226.64 KB,List of Nobel Prize winners 
ds022,"World Bank Population, Life Expectancy & Urbanization",https://data.world/data-literacy/world-bank-population-life-expectancy-urbanization,populationlifeexpectancy.csv,982.3 KB,Global populations by country and region in terms of life expectancy and urbanization
ds023,Household Waste and Recycling,https://data.world/datagov-uk/e34119e3-a7bb-459d-85fc-3112e3700ec5,household-waste-and-recycling-1.csv,17.51 KB,Household Waste Collected and Recycling rates in Lincolnshire
ds024,Employee Salaries - 2021,https://data.world/montgomery-county-of-maryland/e0398c0e-2622-41be-bc12-bf6f46bb2040,comma-separated-values-file-1.csv,785.61 KB,"Annual salary information for permanent employees of Montgomery County, MD"
ds025,Most Followed on Instagram summary,https://data.world/socialmediadata/most-followed-on-instagram,most_followed_ig.csv,7.96 KB,Instagram follower and activity data of top celebrity accounts
ds026,Air Traffic Passenger Data,https://data.world/data-society/air-traffic-passenger-data,Air_Traffic_Passenger_Statistics.csv,1.89 MB,San Francisco International Airport Report on Monthly Passenger Traffic Statistics by Airline.
ds027,Gun Deaths by County (US),https://data.world/nkrishnaswami/gun-deaths-by-county/workspace/file?filename=gun-deaths-by-county-QueryResult.csv,gun-deaths-by-county-QueryResult.csv,102.1 KB,"Number of deaths caused by guns across all US counties, between 1999-2010"
ds028,University Student Satisfaction Survey Results,https://data.world/ericparker/university-student-satisfaction-survey-results,Survey Data Final.xlsx,66 KB,Mock data for a survey of people who previously studied at a US university.
ds029,Texas Amusement Park Accidents,https://data.world/amillerbernd/texas-amusement-park-accidents,Amusement-Park-Injuries-xlsxCleaned.xls,156.5 KB,"Accident incidents recorded at Texas amusement parks from Feb. 1, 2013 - Feb. 1, 2017"
ds030,Coronavirus daily data summary,https://data.world/markmarkoh/coronavirus-data,full_data.csv,15.78 MB,Global data on coronoavirus (COVID-19) cases and deaths
ds031,[CONTENT WARNING]  Prevalence of Mental Disorders,https://data.world/reisha0111/prevalence-depressive-disorders-male-female-2019,prevalence-of-anxiety-disorders-males-vs-females.csv,1.78 MB,Prevalence of mental disorders globally from 1990 to 2019
ds032,Alcohol vs. Life Expectancy,https://data.world/mr-robot/alcohol-v-life-expectancy,drinks.csv,4.57 KB,Alcohol Consumption and Life Expecatancy Across Countries
ds033,Alcohol vs. Life Expectancy,https://data.world/mr-robot/alcohol-v-life-expectancy,lifeexpectancy.csv,944.47 KB,Alcohol Consumption and Life Expecatancy Across Countries
ds034,India - Food Prices,https://data.world/wfp/dc663585-4b6f-46ae-a6d6-b2f3e4ea32b5,india-food-prices-1.csv,14.12 MB,Food prices of various food groups sold in markets in India
ds035,IMDB Movies,https://data.world/mahe432/movies,IMDb movies.csv,43.11 MB,Movie data from IMDB
ds036,2021/W24: Which Schools Create the Most Student Loans?,https://data.world/makeovermonday/2021w24,Student Loan Debt by School 2020-2021.xlsx,3.1 MB,Student Loan Debt by Schools in the USA
ds037,Transportation Fuels Inventory: Beginning 2004,https://data.world/data-ny-gov/7rev-x3j5,transportation-fuels-inventory-beginning-2004-1.csv,38.79 KB,"Weekly stock amounts of Central Atlantic diesel as well as gasoline from the Central Atlantic region (PADD 1B), East Coast (PADD 1) and the total U.S."
ds038,NFL Draft History,https://data.world/aaweiss/nfl-draft-history,Draft.xlsx,1.36 MB,"History of NFL draft picks, including rounds and overall pick number, team, and player stats at time of draft"
ds039,UK fixed-line broadband performance,https://data.world/datagov-uk/dfe843da-06ca-4680-9ba0-fbb27319e402,-17.csv,2.75 MB,UK fixed-line broadband performance data
ds040,Deloitte Technology Fast 500 2017 North America ,https://data.world/jgrosch/deloitte-technology-fast-500-2017-north-america,us-tmt-fast500-2017-winners-ranking.xlsx,58.62 KB,2017 Technology Fast 500 Ranking Recognizing growth The fastest growing technology companies in North America
ds041,Netflix Original Series,https://data.world/mattschroyer/netflix-original-series,Netflix_Original_Series_2013_2017.xlsx,38.26 KB,"Neflix original series name, release year, number of episodes, genre, status, rating, and more."
ds042,"Phoenix, AZ Unemployment Rate",https://data.world/city-of-phoenix/e8a3e774-4a20-47b8-88e9-f69fbe1f4f02,unemployment-rate-1.csv,7.45 KB,"Unemployment rates for Phoenix, AZ, from 2000 to 2019"
ds043,Indian Premier league(IPL Cricket) until 2016,https://data.world/raghu543/ipl-data-till-2016-set-of-csv-files,Match.csv,24.71 KB,Match data for all matches played in the IPL
ds044,Length of Hospital Stay,https://data.world/oecd/length-of-hospital-stay,length_of_hospital_stay.csv,89.1 KB,Average length of stay in hospitals
ds045,2019/W23: Sleepless in America?,https://data.world/makeovermonday/2019w23,Time Americans Spend Sleeping.xlsx,46.97 KB,Sleeping behaviours for US citizens
ds046,Crashes and Road Accident,https://data.world/jamaica/crashes-and-road-accident,crashes-and-road-accident-fatalities-All-2017-03-20_0744/Crashes By Place of Residence.csv,816 B,Number of crashes and road accidents in Jamaica across all providences.
ds047,Mock Car Sales,https://data.world/vizwiz/mock-car-sales,Car Sales.csv,1.07 MB,Mock data for car sales with car and buyer information
ds048,2006 - 2012 Math Test Results - School - Gender,https://data.world/city-of-ny/b9uf-7skp,2006-2012-math-test-results-school-gender-1.csv,4.13 MB,"State assessment results of math for grades 3 through 8, by school and gender."
ds049,India Rainfall - Meteorological subdivisions,https://data.world/thatzprem/india-rainfall-meteorological-subdivisions,rainfall_india.csv,423.63 KB,"Area weighted monthly, seasonal and annual rainfall ( in mm) for 36 meteorological subdivisions from 1901-2015"
ds050,[CONTENT WARNING]  2019/W43: The Age At Which Most People Are Dying By Suicide,https://data.world/makeovermonday/2019w43,Suicide Deaths by Age.csv,32.15 KB,CONTENT WARNING: Suicide - Number of people dying by suicide by single year of age in England and Wales
ds051,NFL Combine Data,https://data.world/sportsvizsunday/nfl-combine-data,NFL Combine Data.xlsx,2.43 MB,NFL combine data - the NFL combine is a physical test that scores several athlete attributes.
ds052,Shark Attacks,https://data.world/shruti-prabhu/shark-attacks,attacks.csv,2.85 MB,Reports of shark attacks over last 100 years
ds053,Football World Cup 2018 Dataset (6),https://data.world/sawya/football-world-cup-2018-dataset,Players_Score.csv,763.73 KB,Football players who took part in FIFA World Cup 2018 with performance data
ds054,"State Marriage Rates 1990, 1995, 1999-2016",https://data.world/siyeh/state-marriage-rate,state_marriage_rates_90_95_99-16.xlsx,18.15 KB,Marriage rates by US state from 1990 and 1995-2016 (EXCLUDING 1996-1998)
ds055,Spotify Top Hit Playlist (2010-2022) | Kaggle,https://www.kaggle.com/datasets/josephinelsy/spotify-top-hit-playlist-2010-2022,playlist_2010to2022.csv,672 kB,Spotify Hit Playlist
ds056,Top 200 Movies of 2023 Dataset | Kaggle,https://www.kaggle.com/datasets/mohammadrizwansajjad/top-200-movies-of-2023,Top_200_Movies_Dataset_2023(Cleaned).csv,15.81 kB,MOVIES
ds057,Amazon Sales Dataset | Kaggle,https://www.kaggle.com/datasets/ahmedsayed564/amazon-sales-dataset,Amazon.csv,4.75MB,AMAZON
ds058,Housing Market & Prices | Kaggle,https://www.kaggle.com/datasets/rukenmissonnier/final-house,house.csv,296 kB,HOUSE PRICES
ds059,Airline Ticket Price in India (MakeMyTrip) | Kaggle,https://www.kaggle.com/datasets/andrewgeorgeissac/flight-price-data-of-indian-cities-makemytrip,flight_data_BOM_BLR.csv,5.88kB,FLIGHT PRICES (INDIA)
ds060,Large Language Models | Kaggle,https://www.kaggle.com/datasets/joebeachcapital/large-language-models,LLMs.csv,9.37kB,LANGUAGE MODELS(&No. of Training Parameters)
ds061,Tour de France winning ways | Kaggle,https://www.kaggle.com/datasets/gulliverwoods/tour-de-france-winner-data,Tour_Winners_data_1.csv,9 kB,CYCLE RACE WINNERS (Tour de France)
ds062,Malaysia COVID-19 Data | Kaggle,https://www.kaggle.com/datasets/mcpenguin/malaysia-covid19,cases_age.csv,64 kB,HEALTH - COVID CASES and AGE in Malasia Covid Cases
ds063,Department Store Sales Dataset | Kaggle,https://www.kaggle.com/datasets/raphaelpuziol/department-store-sales-dataset,department_store_dataset.csv,2.85MB,DEPARTMENT STORE SALES (note: Variable names are in Spanish - simple to translate)
ds064,Medical Marijuana & CBD | Kaggle,https://www.kaggle.com/datasets/joebeachcapital/medical-canabis-and-cbd,CanabisBenefits.csv,60.48 kB,DRUG BENEFIT EVIDENCE (Canabis)
ds065,Hourly Earnings of Female and Male Employees | Kaggle,https://www.kaggle.com/datasets/timmofeyy/hourly-earnings-of-female-and-male-employees,average_hourly_earnings_of_female_and_male_employees_(managers)_local_currency.csv,35kB,MALE VS FEMALE SALARIES - Global Employment. 
ds066,Global Electricity Statistics (1980-2021) | Kaggle,https://www.kaggle.com/datasets/akhiljethwa/global-electricity-statistics,Global Electricity Statistics.csv,445.14kB,Net Generation of Electricity across the globe
ds067,World Export & Import Dataset (1989 - 2023) | Kaggle,https://www.kaggle.com/datasets/muhammadtalhaawan/world-export-and-import-dataset,34_years_world_export_import_dataset.csv,1.17 MB,LONGITUDINAL DATA on IMPORT & EXPORT Revenue - in US$
ds068,Car Prices Jordan 2023 | Kaggle,https://www.kaggle.com/datasets/farahalarbeed/car-prices-jordan,car_prices_jordan.csv,21.59 kB,Car prices in Jordan by model and type
ds069,tesla_stock_data | Kaggle,https://www.kaggle.com/datasets/ashpalsingh1525/tesla-stock-data,tesla_data.csv,37.61 kB,Tesla Car price and sales 
ds070,Restaurant Reviews | Kaggle,https://www.kaggle.com/datasets/joebeachcapital/restaurant-reviews,Restaurant reviews.csv,3.59MB,RESTAURANT REVIEWS. 
ds071,Fitness Club Dataset for ML Classification | Kaggle,https://www.kaggle.com/datasets/ddosad/datacamps-data-science-associate-certification,fitness_class_2212.csv,48 kB,Canadian Fitness club member data 
ds072,Duke Students GPA | Kaggle,https://www.kaggle.com/datasets/joebeachcapital/duke-students-gpa,gpa.csv,1.05kB,Student Performance
ds073,?? US School Scores | Kaggle,https://www.kaggle.com/datasets/mexwell/us-school-scores,school_scores.csv,359.71 kB,US School Rankings
ds074,Most Streamed Spotify Songs 2023 | Kaggle,https://www.kaggle.com/datasets/nelgiriyewithana/top-spotify-songs-2023,spotify-2023.csv,106.27kB,SPOTIFY
ds075,Global YouTube Statistics 2023 | Kaggle,https://www.kaggle.com/datasets/nelgiriyewithana/global-youtube-statistics-2023,Global YouTube Statistics.csv,200.28 kB,YouTube
ds076,Students Performance | Kaggle,https://www.kaggle.com/datasets/joebeachcapital/students-performance,StudentsPerformance_with_headers.csv,11.65 kB,Student Performance
ds077,World Sugar Dataset 2018 - 2024 | Kaggle,https://www.kaggle.com/datasets/muhammadtalhaawan/world-sugar-dataset-2018-2024,combined_df.csv,8.12 kB,FOOD PRODUCTION.
ds078,Life expectancy & Socio-Economic (world bank) | Kaggle,https://www.kaggle.com/datasets/mjshri23/life-expectancy-and-socio-economic-world-bank,life expectancy.csv,531 kB,HEALTH
ds079,Employee dataset | Kaggle,https://www.kaggle.com/datasets/tawfikelmetwally/employee-dataset,Employee.csv,195 kB,EMPLOYMENT - 
ds080,World University Rankings 2023 | Kaggle,https://www.kaggle.com/datasets/alitaqi000/world-university-rankings-2023,World University Rankings 2023.csv,239 kB,UNIVERSITY RANKINGS
ds081,World's Real Estate Data(147k) | Kaggle,https://www.kaggle.com/datasets/toriqulstu/worlds-real-estate-data147k,world_real_estate_data(147k).csv,147 kB,ECONOMICS - HOUSES in US$ -Global
ds082,Water Quality and Potability | Kaggle,https://www.kaggle.com/datasets/uom190346a/water-quality-and-potability,water_potability.csv,525.19 kB,HEALTH - DRINKING WATER 
ds083,"Age, Weight, Height, BMI Analysis | Kaggle",https://www.kaggle.com/datasets/rukenmissonnier/age-weight-height-bmi-analysis,bmi.csv,33.48 kB,HEALTH - WEIGHT - Age and weight
ds084,Retail Sales Dataset | Kaggle,https://www.kaggle.com/datasets/mohammadtalib786/retail-sales-dataset,retail_sales_dataset.csv,51.67 kB,COMMERCE - Retail
ds085,Global Warming Trends (1961-2022) | Kaggle,https://www.kaggle.com/datasets/jawadawan/global-warming-trends-1961-2022,long_format_annual_surface_temp.csv,3207 kB,"ENVIRONMENTAL. Weather. There are two csv files, with same data (wide vs long). This is a large dataset, it is up to you which csv you use - download to the your repo to share with us."
ds086,NBA Player Statistics | Kaggle,https://www.kaggle.com/datasets/joebeachcapital/nba-player-statistics,nba_data_processed.csv,87.45 kB,SPORT - Basketball. 
ds087,Happiness Report 2022 | Kaggle,https://www.kaggle.com/datasets/sujaykapadnis/happiness-report-2022,hapiness_report_2022.csv,4.45 kB,Happiness scores - Global
ds088,Popular Movies (Top 250 movies IMDb) | Kaggle,https://www.kaggle.com/datasets/devanshinigam/popular-movies-top-250-movies-imdb,PopularMovies.csv,71.72 kB,MOVIES. Ranking
ds089,"DO NOT USE, FILE SIZE TOO LARGE. World Weather Repository ( Daily Updating ) | Kaggle",https://www.kaggle.com/datasets/nelgiriyewithana/global-weather-repository,GlobalWeatherRepository.csv,6.72 MB,ENVIRONMENTAL. GLOBAL WEATHER
ds090,Tracking Global CO2 Emissions (1990-2023) | Kaggle,https://www.kaggle.com/datasets/mabdullahsajid/tracking-global-co2-emissions-1990-2023,tidy_format_co2_emission_dataset.csv,111.66 kB,ENVIRONMENTAL. Global Polution/air quality - CO2 Emmisions
ds091,FIFA World Cups | Kaggle,https://www.kaggle.com/datasets/joebeachcapital/fifa-world-cups,world_cup_comparisons.csv,689.11 kB,SPORT - Football
ds092,Smartphone Models Dataset | Kaggle,https://www.kaggle.com/datasets/abdurrahman22224/smartphone-new-data,smartphone_cleaned_v5.csv,148.34kB,Smartphone
ds093,Causes of Death in World | Kaggle,https://www.kaggle.com/datasets/imtkaggleteam/causes-of-death-in-world,1- total-deaths-comparison.csv,669.94kB,HEALTH - causes of death
ds094,?? Global Smoking Trend | Kaggle,https://www.kaggle.com/datasets/mexwell/us-smoking-trend,smoking.csv,506.4 kB,HEALTH - Smoking - global trends  
ds095,Chess Game Dataset (Lichess) | Kaggle,https://www.kaggle.com/datasets/datasnaek/chess,games.csv,7.67 MB,Chess Game Stats
ds096,Adult Income Census | Kaggle,https://www.kaggle.com/datasets/anaghakp/adult-income-census,adult income1.csv,3.22MB,Adult income Census 
ds097,Ramen Ratings | Kaggle,https://www.kaggle.com/datasets/residentmario/ramen-ratings,ramen-ratings.csv,158 kB,Restaurant - Ramen Ratings
ds098,Indian Space Research Organization (ISRO) | Kaggle,https://www.kaggle.com/datasets/anoopjohny/isro-dataset,ISRO mission launches.csv,13.13 kB,Indian Space Projects 
ds099,IPL All Time Best Batsman | Kaggle,https://www.kaggle.com/datasets/yaranathakur/ipl-all-time-best-batsman,All-Time-Best-Batsman.csv,19.06 kb,Cricket - Best batsman
ds100,Brasilerao Serie A (2003-2022) | Kaggle,https://www.kaggle.com/datasets/lucasyukioimafuko/brasileirao-serie-a-2006-2022,brasileirao-2004-2022.csv,9.25 kB,Soccer - The Brazilian League
ds101,Ohio COVID-19 Key Metrics on Testing | Kaggle,https://www.kaggle.com/datasets/ryanlingo/ohio-covid-19-key-metrics-on-testing,TestingDetails.csv,56.37 kB,Covid Testing in Ohio
ds102,2023 June Unemployment Rate . | Kaggle,https://www.kaggle.com/datasets/adityakishor1/2023-june-unemployment-rate,2023 June Unemployment Rate by County (Percent).csv,133kB,Global unemployment  - I 
ds103,Top 240 Recommended Restaurants in L.A. 2023 | Kaggle,https://www.kaggle.com/datasets/lorentzyeung/top-240-recommended-restaurants-in-la-2023?select=top+240+restaurants+recommanded+in+los+angeles+2.csv,top 240 restaurants recommanded in los angeles 2.csv,1.65 MB,FOOD and DRINK - Restaurant Reviews in LA
ds104,University of Waterloo Faculty Salaries | Kaggle,https://www.kaggle.com/datasets/mcpenguin/university-of-waterloo-faculty-salaries-100k,salaries-2022.csv,113.13 kB,University Salaries - Waterloo - EMPLOYMENT
ds105,Social_Network_Ads | Kaggle,https://www.kaggle.com/datasets/nani123456789/social-network-ads,Social_Network_Ads.csv,10.93 kB,SALES Predictions.  
ds106,Turkey Earthquake Data (1994 - 2023) | Kaggle,https://www.kaggle.com/datasets/ozgecinko/turkey-earthquake-data-1914-2023,veriler.csv,6.5 MB,Geology - Earthquake data from Turkey
ds107,Starbucks Reviews Dataset | Kaggle,https://www.kaggle.com/datasets/harshalhonde/starbucks-reviews-dataset,reviews_data.csv,464 kB,FOOD and DRINK Starbuck reviews
ds108,Car resale data - 2023 | Kaggle,https://www.kaggle.com/datasets/rahulmenon1758/car-resale-prices,car_resale_prices.csv,2.82 MB,Used car prices and models
ds109,Japanese Anime: An In-Depth IMDb Data Set | Kaggle,https://www.kaggle.com/datasets/lorentzyeung/all-japanese-anime-titles-in-imdb,imdb_anime.csv,10.91 MB,Japanese Anime - 
ds110,Bike Features and Reviews Available in the India. | Kaggle,https://www.kaggle.com/datasets/mayuriawati/indian-bike-features-and-reviews-dataset,Bike_Features.csv,3.82 MB,Motor Bike features and prices in India. 
ds111,Renewable Energy (1960-2023) | Kaggle,https://www.kaggle.com/datasets/imtkaggleteam/renewable-energy-1960-2023,renewable_energy.csv,893 kB,Evironment - Energy  ( 
ds112,100 Largest companies | Kaggle,https://www.kaggle.com/datasets/omikumarmakadia2121/100-largest-companies,Largest_Companies.csv,7.93 kB,Revenue of various large global companies. Commerce. 
ds113,Bone Tumor | Kaggle,https://www.kaggle.com/datasets/antimoni/bone-tumor,Bone Tumor Dataset.csv,54.33 kB,"Bone tumour by gender, age, type. "
ds114,Google Maps Restaurant Reviews | Kaggle,https://www.kaggle.com/datasets/denizbilginn/google-maps-restaurant-reviews,sepetcioglu_restaurant.csv,1.34 kB,Restaurant reviews. 5 scale review in the stats .
ds115,Wine Quality | Kaggle,https://www.kaggle.com/datasets/joebeachcapital/wine-quality?select=winequality-red.csv,winequality-red.csv,84.2 kB,FOOD & DRINK Red Wine 
ds116,Wine Quality | Kaggle,https://www.kaggle.com/datasets/joebeachcapital/wine-quality?select=winequality-white.csv,winequality-white.csv,264.43 kB,FOOD & DRINK White Wine
ds117,Fantasy Football | Kaggle,https://www.kaggle.com/datasets/joebeachcapital/fantasy-football,cleaned_merged_seasons.csv,15.63 MB,Football - Fantasy;   
ds118,"Corn, Oat, Cereals & Grains Futures Data | Kaggle",https://www.kaggle.com/datasets/guillemservera/grains-and-cereals-futures,all_grains_data.csv,4.05 MB,FOOD & DRINK - Commodities - Grain production
ds119,F1 Drivers dataset | Kaggle,https://www.kaggle.com/datasets/petalme/f1-drivers-dataset,F1Drivers_Dataset.csv,127.83 kB,Formula 1 - Car Race. Sport.
ds120,Fortnite Statistics | Kaggle,https://www.kaggle.com/datasets/joebeachcapital/fortnite-statistics,Fortnite Statistics.csv,5.72 Kb,Online Game 
ds121,DC-MARVEL Comic Characters | Kaggle,https://www.kaggle.com/datasets/nikhil1e9/comic-characters,comic_characters.csv,1.78 MB,Comic Characters.  
ds122,Clothes and Accessories: Sales and Product Details | Kaggle,https://www.kaggle.com/datasets/ishanshrivastava28/sales-transaction-dataset-with-product-details,Sales_Product_Details.csv,24.61 kB,SALES - retail - clothing   
ds123,Data Science Salary 2021 to 2023 | Kaggle,https://www.kaggle.com/datasets/harishkumardatalab/data-science-salary-2021-to-2023,Data Science Salary 2021 to 2023.csv,191.86 kB,EMPLOYMENT - IT Salaries -  
ds124,Crimes Data | Kaggle,https://www.kaggle.com/datasets/edwardotieno/2019-crimes-data,crimes.dataset.csv,4.9 kB,Crimes committed.  
ds125,Gold and Silver prices (2013-2023) | Kaggle,https://www.kaggle.com/datasets/kapturovalexander/gold-and-silver-prices-2013-2023,gold prices.csv,128 kB,Gold Prices - fluctuations 
ds126,Gold and Silver prices (2013-2023) | Kaggle,https://www.kaggle.com/datasets/kapturovalexander/gold-and-silver-prices-2013-2023,silver prices.csv,112 kB,Silver Prices - fluctuations 
ds127,IMDb Action Video Games Dataset | Kaggle,https://www.kaggle.com/datasets/lorentzyeung/imdb-video-games-dataset,imdb_video_games.csv,329 kB,Video games popularity
ds128,Fast Food Nutrition | Kaggle,https://www.kaggle.com/datasets/joebeachcapital/fast-food,FastFoodNutritionMenuV2.csv,82 kB,FOOD & DRINK - and HEALTH - nutrition values in fast foods
ds129,Population Collapse Time Series Data of the World | Kaggle,https://www.kaggle.com/datasets/saadaziz1985/population-collapse,all_indicators.csv,619 kB,Global Economics - Population numbers 
ds130,Delhi metro Dataset | Kaggle,https://www.kaggle.com/datasets/arunjangir245/delhi-metro-dataset,Delhi metro.csv,21.95 kB,"Travel, - India Metro. "
ds131,Titanic dataset | Kaggle,https://www.kaggle.com/datasets/brendan45774/test-file,tested.csv,29.47 kB,Travel - Ship - Titanic.  
ds132,From Data Entry to CEO: The AI Job Threat Index | Kaggle,https://www.kaggle.com/datasets/manavgupta92/from-data-entry-to-ceo-the-ai-job-threat-index,My_Data.csv,323.84 kB,IT Jobs - and career progression.  
ds133,Hotel Price Data of Cities in India (MakeMyTrip) | Kaggle,https://www.kaggle.com/datasets/andrewgeorgeissac/hotel-price-data-of-cities-in-india-makemytrip,bangalore.csv,8.77 kB,"TRAVEL  - Hotel Prices in India - ratings, areas, prices."
ds134,London Weather Data | Kaggle,https://www.kaggle.com/datasets/emmanuelfwerr/london-weather-data,london_weather.csv,814.43 kB,Environmental - weather in London
ds135,Malaysian Condominium Prices Data | Kaggle,https://www.kaggle.com/datasets/mcpenguin/raw-malaysian-housing-prices-data,houses.csv,4.78 MB,House/condo prices in Malasia
ds136,GPA & IQ | Kaggle,https://www.kaggle.com/datasets/joebeachcapital/gpa-and-iq,gpa_iq.csv,1.37 kB,"IQ and GPA  - small dataset of 78 participants, but enough to try out a range of stats.  "
ds137,HeadHunter vacancies | Kaggle,https://www.kaggle.com/datasets/antonbelyaevd/headhunter-vacancies-for-data-search,vacancies.csv,235.53 kB,Warning: Only use this dataset if you know how to do a lot of data cleaning. IT Jobs and salaries. A very uptodate dataset.  
ds138,Diabetes Dataset | Kaggle,https://www.kaggle.com/datasets/akshaydattatraykhare/diabetes-dataset,diabetes.csv,23.88kB,Diabetes prediction for females only for a section of patients in India. 
ds139,Real Time Space Mission Dataset ?? ?? | Kaggle,https://www.kaggle.com/datasets/abhijitdahatonde/real-time-space-mission-dataset,space_missions1.csv,548kB,Space missions across the globe.  
ds140,Zomato Cafe Reviews | Kaggle,https://www.kaggle.com/datasets/juhibhojani/zomato-cafe-reviews,reviews.csv,197.36 kB,Restaurant - caf? reviews
ds141,Housing Prices Dataset | Kaggle,https://www.kaggle.com/datasets/yasserh/housing-prices-dataset,Housing.csv,29.98kB,House prices and features of the property. 
ds142,Heart Failure Prediction Dataset | Kaggle,https://www.kaggle.com/datasets/fedesoriano/heart-failure-prediction,heart.csv,35.92 kB,Heart failure prediction data.  
ds143,Stroke Prediction Dataset | Kaggle,https://www.kaggle.com/datasets/fedesoriano/stroke-prediction-dataset,healthcare-dataset-stroke-data.csv,316.97 kB,Stroke prediction data (similar but different to Heart failure dataset). 
ds144,Super Mario 64 Speedruns | Kaggle,https://www.kaggle.com/datasets/mcpenguin/super-mario-64-speedruns,data_16 Star.csv,63.38 kB,Online Game - lots of features to test for differences.  
ds145,Horse Survival Dataset | Kaggle,https://www.kaggle.com/datasets/yasserh/horse-survival-dataset,horse.csv,53.42 kB,Horse survival rates 
ds146,Hyundai Motor Company Stock Historical Price | Kaggle,https://www.kaggle.com/datasets/caesarmario/hyundai-motor-company-stock-historical-price,005380.KS.csv,183.72 kB,Car price - historical.    
ds147,Samsung Electronics Stock Historical Price | Kaggle,https://www.kaggle.com/datasets/caesarmario/samsung-electronics-stock-historical-price,005930.KS.csv,116.91 kB,Samsung electronic prices - historical.
ds148,OECD Data - Crude Oil Production | Kaggle,https://www.kaggle.com/datasets/caesarmario/oecd-data-crude-oil-production,DP_LIVE_02012022050459635.csv,394.14 kB,Crude oil prices - historical. 
ds149,Best Selling Nintendo 64 Video Games | Kaggle,https://www.kaggle.com/datasets/mattop/best-selling-nintendo-64-video-games,best-selling-nintendo64.csv,3.02 kB,Sales of Ninendo best selling video games
ds150,Film Adaptations of Video Games | Kaggle,https://www.kaggle.com/datasets/bcruise/film-adaptations-of-video-games,video_game_films.csv,3.61 kB,Film adaptations of Video Games. 
ds151,Credit Card Approval Prediction (Cleaned Version) | Kaggle,https://www.kaggle.com/datasets/caesarmario/application-data,Application_Data.csv,7.71 MB,Credit Cards
ds152,Greece's Earthquakes | Kaggle,https://www.kaggle.com/datasets/nickdoulos/greeces-earthquakes,Earthquakes_v3.csv,10 MB,Greek Earthquakes
ds153,Total Number of Road Accidents in India | Kaggle,https://www.kaggle.com/datasets/fiq423ubf/total-number-of-road-accidents-in-india,RA2019_A2.csv,9.02 kB,Road accidents in India
ds154,Entrepreneurial Competency in University Students | Kaggle,https://www.kaggle.com/datasets/namanmanchanda/entrepreneurial-competency-in-university-students,data.csv,32.81 kB,Student Entrepreneurs
ds155,Cost of Living Index 2022 | Kaggle,https://www.kaggle.com/datasets/ankanhore545/cost-of-living-index-2022,Cost_of_Living_Index_2022.csv,6.88 kB,Cost of Living Index
ds156,Life Longevity Factors (kaggle.com),https://www.kaggle.com/datasets/joebeachcapital/life-longevity-factors,LiveLongerData.csv,17.68 kB,"Health related, longevity factors"
ds157,Video Games Sales (kaggle.com),https://www.kaggle.com/datasets/ulrikthygepedersen/video-games-sales,video_games_sales.csv,1.46 MB,Sales of Video games
ds158,Women's E-Commerce Clothing Reviews (kaggle.com),https://www.kaggle.com/datasets/nicapotato/womens-ecommerce-clothing-reviews,Womens Clothing E-Commerce Reviews.csv,8.48 MB,Women's clothing choices and sales
ds159,Women's International Football Results (kaggle.com),https://www.kaggle.com/datasets/martj42/womens-international-football-results,goalscorers.csv,170 kB,Women Football goal scorers
ds160,DO NOT USE THIS DATASET NCAA Men 538 team ratings (kaggle.com),https://www.kaggle.com/datasets/raddar/ncaa-men-538-team-ratings,https://projects.fivethirtyeight.com/march-madness-api/2016/fivethirtyeight_ncaa_forecasts.csv,135 kB approx,2016 NCAA results for Men & Women's Athletics (use original files where data came from per year
ds161,DO_NOT USE_THIS_DATASET. NCAA Men 538 team ratings (kaggle.com),https://www.kaggle.com/datasets/raddar/ncaa-men-538-team-ratings,https://projects.fivethirtyeight.com/march-madness-api/2017/fivethirtyeight_ncaa_forecasts.csv,136 kB approx,2017 NCAA results for Men & Women's Athletics (use original files where data came from per year
ds162,DO NOT USE THIS DATASET - FILE NO LONGER EXISTS. NCAA Men 538 team ratings (kaggle.com),https://www.kaggle.com/datasets/raddar/ncaa-men-538-team-ratings,https://projects.fivethirtyeight.com/march-madness-api/2018/fivethirtyeight_ncaa_forecasts.csv,137 kB approx,2018 NCAA results for Men & Women's Athletics (use original files where data came from per year
ds163,DO NOT USE THIS DATASET - Filename is no longer valid. NCAA Men 538 team ratings (kaggle.com),https://www.kaggle.com/datasets/raddar/ncaa-men-538-team-ratings,https://projects.fivethirtyeight.com/march-madness-api/2019/fivethirtyeight_ncaa_forecasts.csv,138 kB approx,2019 NCAA results for Men & Women's Athletics (use original files where data came from per year
ds164,DO NOT USE THIS DATASET - .csv FILE NO LONGER EXISTS NCAA Men 538 team ratings (kaggle.com),https://www.kaggle.com/datasets/raddar/ncaa-men-538-team-ratings,https://projects.fivethirtyeight.com/march-madness-api/2021/fivethirtyeight_ncaa_forecasts.csv,139 kB approx,2021 NCAA results for Men & Women's Athletics (use original files where data came from per year
ds165,DO NOT USE THIS DATASET - the .csv file NO LONGER EXISTS. NCAA Men 538 team ratings (kaggle.com),https://www.kaggle.com/datasets/raddar/ncaa-men-538-team-ratings,https://projects.fivethirtyeight.com/march-madness-api/2022/fivethirtyeight_ncaa_forecasts.csv,140 kB approx,2022 NCAA results for Men & Women's Athletics (use original files where data came from per year
ds166,NCAA Men 538 team ratings (kaggle.com),https://www.kaggle.com/datasets/raddar/ncaa-men-538-team-ratings,538ratingsMen.csv,13.14kB,2023 NCAA results for Men & Women's Athletics (use original files where data came from per year
ds167,International football results from 1872 to 2023 (kaggle.com),https://www.kaggle.com/datasets/martj42/international-football-results-from-1872-to-2017,goalscorers.csv,757.9 kB,up to 2024 Football Results
ds168,International football results from 1872 to 2023 (kaggle.com),https://www.kaggle.com/datasets/martj42/international-football-results-from-1872-to-2017,results.csv,3.03MB,up to 2024 Football Results
ds169,Lung Capacity | Kaggle,https://www.kaggle.com/datasets/aakashmisra/lung-capacity,LungCapData.csv,18.41kB,Lung Capacity
ds170,Pokemon with stats | Kaggle,https://www.kaggle.com/datasets/abcsds/pokemon,Pokemon.csv,44kB,Pokemon
ds171,"100,000 UK Used Car Data set | Kaggle",https://www.kaggle.com/datasets/adityadesai13/used-car-dataset-ford-and-mercedes,audi.csv,534kB,Audi Cars
ds172,"100,000 UK Used Car Data set | Kaggle",https://www.kaggle.com/datasets/adityadesai13/used-car-dataset-ford-and-mercedes,bmw.csv,592kB,BMW Cars
ds173,"100,000 UK Used Car Data set | Kaggle",https://www.kaggle.com/datasets/adityadesai13/used-car-dataset-ford-and-mercedes,cclass.csv,184 kB,C Class Cars
ds174,"100,000 UK Used Car Data set | Kaggle",https://www.kaggle.com/datasets/adityadesai13/used-car-dataset-ford-and-mercedes,focus.csv,234 kB,Focus Cars
ds175,"100,000 UK Used Car Data set | Kaggle",https://www.kaggle.com/datasets/adityadesai13/used-car-dataset-ford-and-mercedes,ford.csv,933k B,Ford Cars
ds176,"100,000 UK Used Car Data set | Kaggle",https://www.kaggle.com/datasets/adityadesai13/used-car-dataset-ford-and-mercedes,hyundi.csv,248kB,Hyundi Cars
ds177,"100,000 UK Used Car Data set | Kaggle",https://www.kaggle.com/datasets/adityadesai13/used-car-dataset-ford-and-mercedes,merc.csv,741kB,Mercedez Cars
ds178,"100,000 UK Used Car Data set | Kaggle",https://www.kaggle.com/datasets/adityadesai13/used-car-dataset-ford-and-mercedes,skoda.csv,335kB,Skoda Cars
ds179,"100,000 UK Used Car Data set | Kaggle",https://www.kaggle.com/datasets/adityadesai13/used-car-dataset-ford-and-mercedes,toyota.csv,347 kB,Toyota Cars
ds180,"100,000 UK Used Car Data set | Kaggle",https://www.kaggle.com/datasets/adityadesai13/used-car-dataset-ford-and-mercedes,vauxhall.csv,424kB,Vauxhall Cars
ds181,"100,000 UK Used Car Data set | Kaggle",https://www.kaggle.com/datasets/adityadesai13/used-car-dataset-ford-and-mercedes,vw.csv,788kB,VW Cars
ds182,Earthquakes in Japan | Kaggle,https://www.kaggle.com/datasets/aerodinamicc/earthquakes-in-japan,Japan earthquakes 2001 - 2018.csv,2.41 MB,Japanese Earthquakes
ds183,Students' Academic Performance Dataset | Kaggle,https://www.kaggle.com/datasets/aljarah/xAPI-Edu-Data,xAPI-Edu-Data.csv,38 kB,Student academic performance
ds184,dataset support women entrepreneurship | Kaggle,https://www.kaggle.com/datasets/amruthatamerisa/dataset-support-women-entrepreneurship,Dataset3final.csv,3.06kB,Women Entrepreneurs
ds185,Problem on Housing DataSet | Kaggle,https://www.kaggle.com/datasets/ananthreddy/housing,Housing.csv,31.21kB,Housing
ds186,2020 Cost of Living | Kaggle,https://www.kaggle.com/datasets/andradaolteanu/2020-cost-of-living,cost of living 2020.csv,7.5kB,Cost of Living
ds187,Data Analyst Jobs (kaggle.com),https://www.kaggle.com/datasets/andrewmvd/data-analyst-jobs,DataAnalyst.csv,7.57 MB,Data Analyst Jobs
ds188,Fetal Health Classification (kaggle.com),https://www.kaggle.com/datasets/andrewmvd/fetal-health-classification,fetal_health.csv,228.72 kB,Babies' Health
ds189,Heart Failure Prediction (kaggle.com),https://www.kaggle.com/datasets/andrewmvd/heart-failure-clinical-data,heart_failure_clinical_records_dataset.csv,12.24 kB,Heart Failure
ds190,Udemy Courses (kaggle.com),https://www.kaggle.com/datasets/andrewmvd/udemy-courses,udemy_courses.csv,693.95 kB,Udemy Courses
ds191,Fitness Trends Dataset (kaggle.com),https://www.kaggle.com/datasets/aroojanwarkhan/fitness-data-trends/notebooks,25.csv,4.4 kB,Fitness Trends
ds192,Video Games Sales 2019 (kaggle.com),https://www.kaggle.com/datasets/ashaheedq/video-games-sales-2019,vgsales-12-4-2019-short.csv,5 MB,Video Games Sales 2019
ds193,Women Entrepreneurship and Labor Force (kaggle.com),https://www.kaggle.com/datasets/babyoda/women-entrepreneurship-and-labor-force,Dataset3.csv,2.12 kB,Women Entrepreneurs
ds194,GooglePlayStoreApps (kaggle.com),https://www.kaggle.com/datasets/bandikarthik/googleplaystoreapps,GooglePlayStoreApps.csv,1.37 MB,Google Play Store Apps
ds195,Campus Recruitment (kaggle.com),https://www.kaggle.com/datasets/benroshan/factors-affecting-campus-placement,Placement_Data_Full_Class.csv,19.71 kB,Campus Recruitment
ds196,Shopping_Data (kaggle.com),https://www.kaggle.com/datasets/bikram1505/shopping-data,Shopping_CustomerData.csv,8.88 kB,Shopping Customer data
ds197,NBA Stat Projections for 2019-2020 Season (kaggle.com),https://www.kaggle.com/datasets/calvingee/nba-stat-projections-2019,FantasyPros_Fantasy_Basketball_Overall_2019_Projections.csv,27.37 kB,NBA Sport
ds198,Melbourne Housing Snapshot (kaggle.com),https://www.kaggle.com/datasets/dansbecker/melbourne-housing-snapshot,melb_data.csv,2:09 MB,Melbourne Housing Market
ds199,CO2 Emission by Vehicles (kaggle.com),https://www.kaggle.com/datasets/debajyotipodder/co2-emission-by-vehicles,CO2 Emissions_Canada.csv,476.09 kB,Co2 Vehicle Emissions
ds200,US Cars Dataset (kaggle.com),https://www.kaggle.com/datasets/doaaalsenani/usa-cers-dataset?select=USA_cars_datasets.csv,USA_cars_datasets.csv,284.43 kB,USA Cars
ds201,Property Listings in Kuala Lumpur (kaggle.com),https://www.kaggle.com/datasets/dragonduck/property-listings-in-kuala-lumpur,data_kaggle.csv,5.91 MB,Housing Market in Malaysia
ds202,Solar Radiation Prediction (kaggle.com),https://www.kaggle.com/datasets/dronio/SolarEnergy,SolarPrediction.csv,2.96 MB,Solar Radiation Prediction
ds203,FIFA 20 player ratings database (kaggle.com),https://www.kaggle.com/datasets/fatehghadeer/fifa-20-player-ratings-database,FIFA_20.csv,2.08 MB,FIFA 20 play ratings
ds204,Countries of the World (kaggle.com),https://www.kaggle.com/datasets/fernandol/countries-of-the-world,countries of the world.csv,38.3 kB,Population across countries of the world
ds205,titanic survival data (kaggle.com),https://www.kaggle.com/datasets/greedy93/titanic-survival-data,titanic_data.csv,61.19 kB,Titanic Survival Stats
ds206,Crime Against Women 2001-2014 (India) (kaggle.com),https://www.kaggle.com/datasets/greeshmagirish/crime-against-women-20012014-india,crimes_against_women_2001-2014.csv,517.57 kB,Crimes against women
ds207,Video Game Sales (kaggle.com),https://www.kaggle.com/datasets/gregorut/videogamesales,vgsales.csv,1.36 MB,Video Game Sales
ds208,"House Sales in King County, USA (kaggle.com)",https://www.kaggle.com/datasets/harlfoxem/housesalesprediction,kc_house_data.csv,2.52 MB,House Sales in King County USA.
ds209,Mobile Price Classification (kaggle.com),https://www.kaggle.com/datasets/iabhishekofficial/mobile-price-classification,test.csv,63.85 kB,Mobile Phone features
ds210,Mobile Price Classification (kaggle.com),https://www.kaggle.com/datasets/iabhishekofficial/mobile-price-classification,train.csv,122.4 kB,Mobile Phone features
ds211,Spotify - All Time Top 2000s Mega Dataset (kaggle.com),https://www.kaggle.com/datasets/iamsumat/spotify-top-2000s-mega-dataset,Spotify-2000.csv,169.92 kB,Spotify data
ds212,COVID-19 Dataset (kaggle.com),https://www.kaggle.com/datasets/imdevskp/corona-virus-report,country_wise_latest.csv,14.78 kB,Corona Virus
ds213,2020 US General Election Turnout Rates (kaggle.com),https://www.kaggle.com/datasets/imoore/2020-us-general-election-turnout-rates,2020 November General Election - Turnout Rates.csv,7.77 kB,General Election voting turnout in US in 2020
ds214,Finance & Accounting Courses - Udemy (13K+ course) (kaggle.com),https://www.kaggle.com/datasets/jilkothari/finance-accounting-courses-udemy-13k-course,udemy_output_All_Finance__Accounting_p1_p626.csv,3.09 MB,Udemy Courses
ds215,diabetes (kaggle.com),https://www.kaggle.com/datasets/johndasilva/diabetes,diabetes.csv,62.06 kB,Diabetes.
ds216,Cotton_India_Production (kaggle.com),https://www.kaggle.com/datasets/krishrocks/cotton-india-production,Data.csv,1.74 kB,Cotton Production - India
ds217,Life Expectancy (WHO) (kaggle.com),https://www.kaggle.com/datasets/kumarajarshi/life-expectancy-who,Life Expectancy Data.csv,333.44 kB,Life Expectancy
ds218,World Happiness Report (kaggle.com),https://www.kaggle.com/datasets/unsdsn/world-happiness,2019.csv,8.82 kB,Happiness scores - Global
ds219,Crime rate and Unemployment rate by state (kaggle.com),https://www.kaggle.com/datasets/lydiavasil/crime-rate-and-unemployment-rate-by-state,crimebystatecombinedwithunemployment.csv,146.97 kB,CRIME and UNEMPLOYMENT in USA
ds220,Indian Premier League (Cricket) (kaggle.com),https://www.kaggle.com/datasets/manasgarg/ipl,deliveries.csv,15.44 MB,Premier League - Cricket - India
ds221,Engineering Graduate Salary Prediction (kaggle.com),https://www.kaggle.com/datasets/manishkc06/engineering-graduate-salary-prediction,Engineering_graduate_salary.csv,679.98 kB,Engineering Graduate Salaries
ds222,Happiness and Alcohol Consumption (kaggle.com),https://www.kaggle.com/datasets/marcospessotto/happiness-and-alcohol-consumption,HappinessAlcoholConsumption.csv,7.86 kB,Happiness and Alcohol Consumption
ds223,COVID-19 Healthy Diet Dataset (kaggle.com),https://www.kaggle.com/datasets/mariaren/covid19-healthy-diet-dataset,Food_Supply_kcal_Data.csv,43.6 kB,COVID and Healthy Eating
ds224,London Borough Demographics (kaggle.com),https://www.kaggle.com/datasets/marshald/london-boroughs,london-borough-profiles-2016 Data set.csv,23.42 kB,London Borough Populations
ds225,Medical Cost Personal Datasets (kaggle.com),https://www.kaggle.com/datasets/mirichoi0218/insurance,insurance.csv,55.63 kB,Medical Insurance
ds226,World University Rankings (kaggle.com),https://www.kaggle.com/datasets/mylesoneill/world-university-rankings,timesData.csv,268 kB,University Rankings - Times
ds227,Health care: Heart attack possibility (kaggle.com),https://www.kaggle.com/datasets/nareshbhat/health-care-data-set-on-heart-attack-possibility,heart.csv,11.33 kB,Heart Failure - using a target likelihood variable
ds228,IBM HR Analytics Employee Attrition & Performance (kaggle.com),https://www.kaggle.com/datasets/pavansubhasht/ibm-hr-analytics-attrition-dataset,WA_Fn-UseC_-HR-Employee-Attrition.csv,227 kB,Employment - Staff at IBM - attrition - retention
ds229,Indian Gold cost from 1964-2019 (kaggle.com),https://www.kaggle.com/datasets/payne18/indian-gold-cost-from-19642019,Indiangoldeco.csv,3.07 kB,Indian Gold prices over many years
ds230,Crime in India (kaggle.com),https://www.kaggle.com/datasets/rajanand/crime-in-india,10_Property_stolen_and_recovered.csv,196.59 kB,CRIME in INDIA -GENERAL THEFT
ds231,Crime in India (kaggle.com),https://www.kaggle.com/datasets/rajanand/crime-in-india,29_Period_of_trials_by_courts.csv,179.08 kB,CRIME - TRIAL TIME in INDIA
ds232,Crime in India (kaggle.com),https://www.kaggle.com/datasets/rajanand/crime-in-india,30_Auto_theft.csv,142.59 kB,CRIME - STOLEN CARS in INDIA
ds233,Human Resources Data Set (kaggle.com),https://www.kaggle.com/datasets/rhuebner/human-resources-data-set,HRDataset_v14.csv,76.86 kB,HR Records
ds234,Heart Disease Prediction (kaggle.com),https://www.kaggle.com/datasets/rishidamarla/heart-disease-prediction,Heart_Disease_Prediction.csv,11.93 kB,HEALTH - HEART
ds235,Video Game Sales with Ratings (kaggle.com),https://www.kaggle.com/datasets/rush4ratio/video-game-sales-with-ratings,Video_Games_Sales_as_at_22_Dec_2016.csv,1.61 MB,Video Game Sales by region and category
ds236,Zomato_Pune (kaggle.com),https://www.kaggle.com/datasets/sagara9595/zomato-pune,zomato_pune_V002.csv,5.61 MB,Restaurant popularity in Pune
ds237,Credit Card customers (kaggle.com),https://www.kaggle.com/datasets/sakshigoyal7/credit-card-customers,BankChurners.csv,1.51 MB,BANKING - customer churn
ds238,Bank Customers Churn (kaggle.com),https://www.kaggle.com/datasets/santoshd3/bank-customers,Churn Modeling.csv,684.86 kB,BANKING - customer churn
ds239,Amazon Top 50 Bestselling Books 2009 - 2019 (kaggle.com),https://www.kaggle.com/datasets/sootersaalu/amazon-top-50-bestselling-books-2009-2019,bestsellers with categories.csv,51.16 kB,AMAZON BOOK SALES
ds240,Student Alcohol Consumption (kaggle.com),https://www.kaggle.com/datasets/uciml/student-alcohol-consumption,student-por.csv,68.56 kB,Student demographics & grades
ds241,Student Alcohol Consumption (kaggle.com),https://www.kaggle.com/datasets/uciml/student-alcohol-consumption,student-mat.csv,41.98 kB,Student demographics & grades
ds242,Billionaires Statistics Dataset (2023) (kaggle.com),https://www.kaggle.com/datasets/nelgiriyewithana/billionaires-statistics-dataset,Billionaires Statistics Dataset.csv,677.82 kB,Global Wealth - Billionaires
ds243,Monthly Food Price Inflation (kaggle.com),https://www.kaggle.com/datasets/anshtanwar/monthly-food-price-estimates?select=WLD_RTP_details_2023-10-02.csv,WLD_RTFP_country_2023-10-02.csv,33.38 kB,Food rising costs in developing countries
ds244,Top 200 common passwords by country 2021 (kaggle.com),https://www.kaggle.com/datasets/prasertk/top-200-passwords-by-country-2021,top_200_password_2020_by_country.csv,434 kB,IT - Password Cracking Times
ds245,Carbon Segment Values (kaggle.com),https://www.kaggle.com/datasets/brsdincer/carbon-segment-values,carbon-segment.csv,2.5 kB,Carbon Emissions - Atmospheric Gases
ds246,Avocado Prices (kaggle.com),https://www.kaggle.com/datasets/neuromusic/avocado-prices,avocado.csv,1.99MB,Food - Restaurants - Avocado Prices
ds247,Diamonds (kaggle.com),https://www.kaggle.com/datasets/joebeachcapital/diamonds,diamonds.csv,2.77 MB,Price and Diamond Features
ds248,Parkinson Disease Detection (kaggle.com),https://www.kaggle.com/datasets/debasisdotcom/parkinson-disease-detection,Parkinsson disease.csv,28.27 kB,Parkinsons Disease and related diagnostics
ds249,Prediction of music genre (kaggle.com),https://www.kaggle.com/datasets/vicsuperman/prediction-of-music-genre,music_genre.csv,7.54 MB,Prediction of Music Genres
ds250,Fake News (kaggle.com),https://www.kaggle.com/datasets/algord/fake-news,FakeNewsNet.csv,4.31MB,MEDIA - SOCIAL - Fake News and True News
ds251,USA Wage Comparison for College vs. High School (kaggle.com),https://www.kaggle.com/datasets/asaniczka/usa-wage-comparison-for-college-vs-high-school,college_wage_premium.csv,2.12 kB,Education - Wage Premium
ds252,Cancer Data (kaggle.com),https://www.kaggle.com/datasets/erdemtaha/cancer-data,Cancer_Data.csv,125.2 kB,Cancer Data (with Benign and Malignant diagnoses)
ds253,Global Salary Data (kaggle.com),https://www.kaggle.com/datasets/zedataweaver/global-salary-data,salary_data.csv,12.59kB,Global Salaries
ds254,Lettuce Growth Days Analysis,https://www.kaggle.com/datasets/jurijsruko/lettuce,lettuce_dataset.csv,101.81 kB,Lettuce growth
ds255,DO NOT USE (Duplicate) Student Depression Dataset,https://www.kaggle.com/datasets/adilshamim8/student-depression-dataset,student_depression_dataset.csv(2.9 MB),2.9 MB,High School Mental Health
ds256,Loan Approval Classification Dataset,https://www.kaggle.com/datasets/taweilo/loan-approval-classification-data,loan_data.csv(3.61 MB),3.61 MB,Loan Approval
ds257,Remote Work & Mental Health ????,https://www.kaggle.com/datasets/waqi786/remote-work-and-mental-health,Impact_of_Remote_Work_on_Mental_Health.csv(59,598 kB,Physical Modes of Work
ds258,Indian Premier League (Cricket) (kaggle.com),https://www.kaggle.com/datasets/manasgarg/ipl,matches.csv,117.1 kB,Premier League - Cricket - India
ds259,COVID-19 Healthy Diet Dataset (kaggle.com),https://www.kaggle.com/datasets/mariaren/covid19-healthy-diet-dataset,Fat_Supply_Quantity_Data.csv,42.32 kB,COVID and Healthy Eating
ds260,Women's International Football Results (kaggle.com),https://www.kaggle.com/datasets/martj42/womens-international-football-results,results.csv,757.9 kB,Women Football goal scorers
ds261,Women's International Football Results (kaggle.com),https://www.kaggle.com/datasets/martj42/womens-international-football-results,shootouts.csv,4.27 kB,Women Football goal scorers
ds262,COVID-19 Healthy Diet Dataset (kaggle.com),https://www.kaggle.com/datasets/mariaren/covid19-healthy-diet-dataset,Protein_Supply_Quantity_Data.csv,43.39 kB,COVID and Healthy Eating
ds263,International football results from 1872 to 2023 (kaggle.com),https://www.kaggle.com/datasets/martj42/international-football-results-from-1872-to-2017,shootouts.csv,27.18 kB,up to 2023 Football Results
ds264,COVID-19 Healthy Diet Dataset (kaggle.com),https://www.kaggle.com/datasets/mariaren/covid19-healthy-diet-dataset,Fat_Supply_Quantity_Data.csv,42 kB,COVID and Healthy Eating
ds265,COVID-19 Healthy Diet Dataset (kaggle.com),https://www.kaggle.com/datasets/mariaren/covid19-healthy-diet-dataset,Protein_Supply_Quantity_Data.csv,43 kB,COVID and Healthy Eating
ds266,COVID-19 Healthy Diet Dataset (kaggle.com),https://www.kaggle.com/datasets/mariaren/covid19-healthy-diet-dataset,Food_Supply_Quantity_kg_Data.csv,44 kB,COVID and Healthy Eating
ds267,Predict FIFA 2018 Man of the Match (kaggle.com),https://www.kaggle.com/datasets/mathan/fifa-2018-match-statistics,FIFA 2018 Statistics.csv,4 kB,FIFA international Football
ds268,World Happiness Report up to 2022 (kaggle.com),https://www.kaggle.com/datasets/mathurinache/world-happiness-report,2022.csv,13.83 kB,Happiness scores - Global
ds269,World Happiness Report up to 2022 (kaggle.com),https://www.kaggle.com/datasets/mathurinache/world-happiness-report,2021.csv,21.69kB,Happiness scores - Global
ds270,Super Mario 64 Speedruns | Kaggle,https://www.kaggle.com/datasets/mcpenguin/super-mario-64-speedruns,data_70 Star.csv,62.01 kB,Online Game - lots of features to test for differences.  
ds271,Super Mario 64 Speedruns | Kaggle,https://www.kaggle.com/datasets/mcpenguin/super-mario-64-speedruns,data_120 Star.csv,61.76 kB,Online Game - lots of features to test for differences.  
ds272,Super Mario 64 Speedruns | Kaggle,https://www.kaggle.com/datasets/mcpenguin/super-mario-64-speedruns,data_0 Star.csv,37.96 kB,Online Game - lots of features to test for differences.  
ds273,Super Mario 64 Speedruns | Kaggle,https://www.kaggle.com/datasets/mcpenguin/super-mario-64-speedruns,data_1 Star.csv,63.73 kB,Online Game - lots of features to test for differences.  
ds274,Swedish Crime Rates (kaggle.com),https://www.kaggle.com/datasets/mguzmann/swedishcrime,reported.csv,6.13 kB,Crimes committed in Sweden across several decades
ds275,2019 Fuel Consumption Ratings (2019-05-14) (kaggle.com),https://www.kaggle.com/datasets/mhendal/2019-fuel-consumption-ratings-20190514,Fuel_Consumption_Ratings.csv,347 kB,ENERGY - CARS Fuel Consumption
ds276,World University Rankings (kaggle.com),https://www.kaggle.com/datasets/mylesoneill/world-university-rankings,cwurData.csv,186 kB,University Rankings - Central World University Rankings
ds277,World University Rankings (kaggle.com),https://www.kaggle.com/datasets/mylesoneill/world-university-rankings,education_expenditure_supplementary_data.csv,19 kB,Public and private direct expenditure on education across nations.
ds278,World University Rankings (kaggle.com),https://www.kaggle.com/datasets/mylesoneill/world-university-rankings,shanghaiData.csv,98 kB,University Rankings - Shanghai
ds279,IBM Employee Dataset (kaggle.com),https://www.kaggle.com/datasets/rohitsahoo/employee,train.csv,161 kB,EMPLOYMENT - STAFF at IBM Salary etc
ds280,IBM Employee Dataset (kaggle.com),https://www.kaggle.com/datasets/rohitsahoo/employee,test.csv,72.71kB,EMPLOYMENT - STAFF at IBM Salary etc
ds281,Historical Hourly Weather Data 2012-2017 (kaggle.com),https://www.kaggle.com/datasets/selfishgene/historical-hourly-weather-data,wind_speed.csv,7.46MB (just over),Weather - USA/Israel
ds282,World Happiness Report (kaggle.com),https://www.kaggle.com/datasets/unsdsn/world-happiness,2015.csv,15 kB,Happiness scores - Global
ds283,World Happiness Report (kaggle.com),https://www.kaggle.com/datasets/unsdsn/world-happiness,2016.csv,16 kB,Happiness scores - Global
ds284,World Happiness Report (kaggle.com),https://www.kaggle.com/datasets/unsdsn/world-happiness,2017.csv,29 kB,Happiness scores - Global
ds285,World Happiness Report (kaggle.com),https://www.kaggle.com/datasets/unsdsn/world-happiness,2018.csv,8.81kB,Happiness scores - Global
ds286,World Happiness Report (kaggle.com),https://www.kaggle.com/datasets/unsdsn/world-happiness,2019.csv,8.8kB,Happiness scores - Global
ds287,Airline Ticket Price in India (MakeMyTrip) | Kaggle,https://www.kaggle.com/datasets/andrewgeorgeissac/flight-price-data-of-indian-cities-makemytrip,flight_data_DEL_CCU.csv,4.01kB,FLIGHT PRICES (INDIA)
ds288,Airline Ticket Price in India (MakeMyTrip) | Kaggle,https://www.kaggle.com/datasets/andrewgeorgeissac/flight-price-data-of-indian-cities-makemytrip,flight_data_DEL_BLR.csv,6.51kB,FLIGHT PRICES (INDIA)
ds289,Airline Ticket Price in India (MakeMyTrip) | Kaggle,https://www.kaggle.com/datasets/andrewgeorgeissac/flight-price-data-of-indian-cities-makemytrip,flight_data_DEL_HYD.csv,4.04kB,FLIGHT PRICES (INDIA)
ds290,Airline Ticket Price in India (MakeMyTrip) | Kaggle,https://www.kaggle.com/datasets/andrewgeorgeissac/flight-price-data-of-indian-cities-makemytrip,flight_data_DEL_BOM.csv,6.54kB,FLIGHT PRICES (INDIA)
ds291,Hotel Price Data of Cities in India (MakeMyTrip) | Kaggle,https://www.kaggle.com/datasets/andrewgeorgeissac/hotel-price-data-of-cities-in-india-makemytrip,chennai.csv,8.3 kB,"TRAVEL  - Hotel Prices in India - ratings, areas, prices."
ds292,Hotel Price Data of Cities in India (MakeMyTrip) | Kaggle,https://www.kaggle.com/datasets/andrewgeorgeissac/hotel-price-data-of-cities-in-india-makemytrip,delhi.csv,10.15 kb,"TRAVEL  - Hotel Prices in India - ratings, areas, prices."
ds293,Hotel Price Data of Cities in India (MakeMyTrip) | Kaggle,https://www.kaggle.com/datasets/andrewgeorgeissac/hotel-price-data-of-cities-in-india-makemytrip,hyderabad.csv,5.91 kB,"TRAVEL  - Hotel Prices in India - ratings, areas, prices."
ds294,Hotel Price Data of Cities in India (MakeMyTrip) | Kaggle,https://www.kaggle.com/datasets/andrewgeorgeissac/hotel-price-data-of-cities-in-india-makemytrip,kolkata.csv,9.14 kB,"TRAVEL  - Hotel Prices in India - ratings, areas, prices."
ds295,Hotel Price Data of Cities in India (MakeMyTrip) | Kaggle,https://www.kaggle.com/datasets/andrewgeorgeissac/hotel-price-data-of-cities-in-india-makemytrip,mumbai.csv,12.37 kB,"TRAVEL  - Hotel Prices in India - ratings, areas, prices."
ds296,?? Internet of Things Coins Historical Prices (kaggle.com),https://www.kaggle.com/datasets/eisgandar/internet-of-things-coins-historical-prices,Bitcoin CZ.csv,62.38 kB,Internet of Things - Stocks
ds297,?? Internet of Things Coins Historical Prices (kaggle.com),https://www.kaggle.com/datasets/eisgandar/internet-of-things-coins-historical-prices,Cortex.csv,70 kB,Internet of Things - Stocks
ds298,?? Internet of Things Coins Historical Prices (kaggle.com),https://www.kaggle.com/datasets/eisgandar/internet-of-things-coins-historical-prices,IoTeX.csv,93.97 kB,Internet of Things - Stocks
ds299,?? Internet of Things Coins Historical Prices (kaggle.com),https://www.kaggle.com/datasets/eisgandar/internet-of-things-coins-historical-prices,Helium.csv,48.22 kB,Internet of Things - Stocks
ds300,?? Internet of Things Coins Historical Prices (kaggle.com),https://www.kaggle.com/datasets/eisgandar/internet-of-things-coins-historical-prices,Mobius.csv,26.63 kB,Internet of Things - Stocks
ds301,Causes of Death in World (kaggle.com),https://www.kaggle.com/datasets/imtkaggleteam/causes-of-death-in-world,6- infectious-and-parasitic-diseases-death-rate-who-mdb.csv,132.28kB,HEALTH - infectious & parasitic disease deaths
ds302,Causes of Death in World (kaggle.com),https://www.kaggle.com/datasets/imtkaggleteam/causes-of-death-in-world,4- cancer-death-rate-who-mdb.csv,132.93kB,HEALTH - cancer related deaths
ds303,Causes of Death in World (kaggle.com),https://www.kaggle.com/datasets/imtkaggleteam/causes-of-death-in-world,5- respiratory-infection-death-rate-who-mdb.csv,128.75kB,HEALTH -respiratory infection deaths
ds304,LinkedIn Tech Jobs (kaggle.com),https://www.kaggle.com/datasets/joebeachcapital/linkedin-jobs,final_data.csv,156.93 kB,IT related employment opps
ds305,US Public Food Assistance 1 - WIC (kaggle.com),https://www.kaggle.com/datasets/jpmiller/publicassistance,est13us.csv,10.04 kB,SOCIAL SUPPORT/POVERTY in US
ds306,US Public Food Assistance 1 - WIC (kaggle.com),https://www.kaggle.com/datasets/jpmiller/publicassistance,est14us.csv,10.03 kB,SOCIAL SUPPORT/POVERTY in US
ds307,US Public Food Assistance 1 - WIC (kaggle.com),https://www.kaggle.com/datasets/jpmiller/publicassistance,est15us.csv,10.05 kB,SOCIAL SUPPORT/POVERTY in US
ds308,US Public Food Assistance 1 - WIC (kaggle.com),https://www.kaggle.com/datasets/jpmiller/publicassistance,est16us.csv,9.95 kB,SOCIAL SUPPORT/POVERTY in US
ds309,Student Performance Factors (kaggle.com),https://www.kaggle.com/datasets/lainguyn123/student-performance-factors,StudentPerformance Factors.csv,94 kB,Student Performance
ds310,Malaysia COVID-19 Data | Kaggle,https://www.kaggle.com/datasets/mcpenguin/malaysia-covid19,cases_malaysia.csv,139.28 kB,Malasia Covid Cases
ds311,Malaysia COVID-19 Data | Kaggle,https://www.kaggle.com/datasets/mcpenguin/malaysia-covid19,cases_state.csv,1.64MB,Malasia Covid Cases
ds312,Average global IQ per country with other stats (kaggle.com),https://www.kaggle.com/datasets/mlippo/average-global-iq-per-country-with-other-stats,avgIQpercountry.csv,11.66 kB,Global Education Social Economics
ds313,Apple Quality (kaggle.com),https://www.kaggle.com/datasets/nelgiriyewithana/apple-quality,apple_quality.csv,387.65 kB,Fruit - Apples Quality
ds314,Australian Vehicle Prices (kaggle.com),https://www.kaggle.com/datasets/nelgiriyewithana/australian-vehicle-prices,Australian Vehicle Prices.csv(3.08 MB),3.08 MB,Vehicle Prices in Australia
ds315,McDonald's Store Reviews (kaggle.com),https://www.kaggle.com/datasets/nelgiriyewithana/mcdonalds-store-reviews,McDonald_s_Reviews.csv(9.14 MB),9.14 MB,McDonalds Fast Food reviews
ds316,New York Housing Market (kaggle.com),https://www.kaggle.com/datasets/nelgiriyewithana/new-york-housing-market,NY-House-Dataset.csv(1.33 MB),1.33 MB,HOUSE prices in NY
ds317,USA COVID-19 Vaccinations (kaggle.com),https://www.kaggle.com/datasets/paultimothymooney/usa-covid19-vaccinations,us_state_vaccinations.csv,4.92MB,COVID 19 Vaccinations
ds318,Melbourne Housing Market (kaggle.com),https://www.kaggle.com/datasets/anthonypino/melbourne-housing-market,Melbourne_housing_FULL.csv,5 MB,Melbourne Housing Market
ds319,Melbourne Housing Market (kaggle.com),https://www.kaggle.com/datasets/anthonypino/melbourne-housing-market,MELBOURNE_HOUSE_PRICES_LESS.csv,7.3 MB,Melbourne Housing Market
ds320,Chicago Air Quality Analysis (kaggle.com),https://www.kaggle.com/datasets/asjad99/chicago-air-pollution,chicago_air_pollution.csv,151 kB,Air Quality in Chicago
ds321,Star dataset to predict star types (kaggle.com),https://www.kaggle.com/datasets/deepu1109/star-dataset,6 class csv.csv,8.48 kB,Stars/Galaxy  
ds322,Beer Consumption - Sao Paulo (kaggle.com),https://www.kaggle.com/datasets/dongeorge/beer-consumption-sao-paulo,Consumo_cerveja.csv,20.38 kB,Beer Consumption in San Paulo/Brazil
ds323,Russian Demography Data (1990-2017) (kaggle.com),https://www.kaggle.com/datasets/dwdkills/russian-demography,russian_demography.csv,113.3 kB,Russian Demographics
ds324,Golf ball testing data set from Par Inc (kaggle.com),https://www.kaggle.com/datasets/ipravin/golf-ball-testing-data-set-from-par-inc,Golf.csv,1 kB,Golf - two golf ball qualities compared
ds325,US Public Food Assistance 1 - WIC (kaggle.com),https://www.kaggle.com/datasets/jpmiller/publicassistance,Food_Costs.csv ,6 kB,SOCIAL SUPPORT/POVERTY in US
ds326,US Public Food Assistance 1 - WIC (kaggle.com),https://www.kaggle.com/datasets/jpmiller/publicassistance,Children_Participating.csv (choose two plus years [currently in separate files] to look for differences - dataset has yearly data/files for 2013 through to 2016),11.19 kB,SOCIAL SUPPORT/FOOD
ds327,US Public Food Assistance 1 - WIC (kaggle.com),https://www.kaggle.com/datasets/jpmiller/publicassistance,Infants_Fully_Breastfed.csv (choose two plus years [currently in separate files] to look for differences - dataset has yearly data/files for 2013 through to 2016),9.65 kB,SOCIAL SUPPORT/FOOD
ds328,US Public Food Assistance 1 - WIC (kaggle.com),https://www.kaggle.com/datasets/jpmiller/publicassistance,Total_Women.csv (choose two plus years [currently in separate files] to look for differences - dataset has yearly data/files for 2013 through to 2016),10.83 kB,SOCIAL SUPPORT/FOOD
ds329,US Public Food Assistance 1 - WIC (kaggle.com),https://www.kaggle.com/datasets/jpmiller/publicassistance,Pregnant_Women_Participating.csv  (option: choose two plus years to look for differences - dataset has yearly data/files for 2013 through to 2016),10.44 kB,SOCIAL SUPPORT/FOOD
ds330,US Public Food Assistance 1 - WIC (kaggle.com),https://www.kaggle.com/datasets/jpmiller/publicassistance,Rebates_Received.csv (choose two plus years to look for differences - dataset has yearly data/files for 2013 through to 2016),10.7 kB,SOCIAL SUPPORT/FOOD
ds331,US Public Food Assistance 1 - WIC (kaggle.com),https://www.kaggle.com/datasets/jpmiller/publicassistance,Postpartum_Women_Participating.csv (choose two plus years to look for differences - dataset has yearly data/files for 2013 through to 2016),10.17 kB,SOCIAL SUPPORT/FOOD
ds332,US Public Food Assistance 1 - WIC (kaggle.com),https://www.kaggle.com/datasets/jpmiller/publicassistance,Total_Number_of_Participants.csv (choose two plus years to look for differences - dataset has yearly data/files for 2013 through to 2016),11 kB,SOCIAL SUPPORT/FOOD
ds333,US Public Food Assistance 1 - WIC (kaggle.com),https://www.kaggle.com/datasets/jpmiller/publicassistance,Infants_Fully_Formula-fed.csv (choose two plus years to look for differences in means - dataset has yearly data/files for 2013 through to 2016),10.67 kB,SOCIAL SUPPORT/FOOD
ds334,US Public Food Assistance 1 - WIC (kaggle.com),https://www.kaggle.com/datasets/jpmiller/publicassistance,Average_Food_Cost_Per_Person.csv (choose two plus years to look for differences - dataset has yearly data/files for 2013 through to 2016),12.07 kB,SOCIAL SUPPORT/FOOD
ds335,"Renewable energy generation, World, 1965 to 2018 (kaggle.com)",https://www.kaggle.com/datasets/khadeejahalghadeer/renewable-energy-generation-world-1965-to-2018,modern-renewable-energy-consumption.csv,224 kB,IRenewable Energy
ds336,[NeurIPS 2020] Data Science for COVID-19 (DS4C) (kaggle.com),https://www.kaggle.com/datasets/kimjihoo/coronavirusdataset,TimeGender.csv,6.97kB,COVID - South Korea
ds337,[NeurIPS 2020] Data Science for COVID-19 (DS4C) (kaggle.com),https://www.kaggle.com/datasets/kimjihoo/coronavirusdataset,Case.csv,11.71kB,COVID - South Korea
ds338,[NeurIPS 2020] Data Science for COVID-19 (DS4C) (kaggle.com),https://www.kaggle.com/datasets/kimjihoo/coronavirusdataset,Time.csv,6.6kB,COVID - South Korea
ds339,[NeurIPS 2020] Data Science for COVID-19 (DS4C) (kaggle.com),https://www.kaggle.com/datasets/kimjihoo/coronavirusdataset,Weather.csv,1.5MB,Weather - South Korea
ds340,[NeurIPS 2020] Data Science for COVID-19 (DS4C) (kaggle.com),https://www.kaggle.com/datasets/kimjihoo/coronavirusdataset,TimeAge.csv,27.11 kB,COVID - South Korea
ds341,[NeurIPS 2020] Data Science for COVID-19 (DS4C) (kaggle.com),https://www.kaggle.com/datasets/kimjihoo/coronavirusdataset,PatientInfo.csv,488 kB,COVID - South Korea
ds342,World Happiness Report 2020 (kaggle.com),https://www.kaggle.com/datasets/londeen/world-happiness-report-2020,WHR20_DataForFigure2.1.csv,38.23kB,Happiness scores - Global
ds343,CPU Specifications (kaggle.com),https://www.kaggle.com/datasets/ltcptgeneral/cpu-specifications,intel.csv,116 kB,CPU Processor Specs - Intel
ds344,CPU Specifications (kaggle.com),https://www.kaggle.com/datasets/ltcptgeneral/cpu-specifications,amd.csv,82 kB,CPU Processor Specs - AMD
ds345,Social Power NBA (kaggle.com),https://www.kaggle.com/datasets/noahgift/social-power-nba,nba_2016_2017_100.csv,32.67 kB,NBA Player Stats
ds346,Social Power NBA (kaggle.com),https://www.kaggle.com/datasets/noahgift/social-power-nba,nba_2017_br.csv,63.23 kB,NBA Player Stats
ds348,Social Power NBA (kaggle.com),https://www.kaggle.com/datasets/noahgift/social-power-nba,nba_2017_twitter_players.csv,7.09 kB,NBA Player Stats - Salary
ds349,Mental Health in Tech Survey (kaggle.com),https://www.kaggle.com/datasets/osmi/mental-health-in-tech-survey,survey.csv,303 kB,Tech Mental Health
ds350,?? 2024 Disc Golf Pro Tour MPO Statistics,https://www.kaggle.com/datasets/mexwell/2024-disc-golf-pro-tour-mpo-statistics,DGPT24.csv(12.11 kB),12.11 kB,Disc Golf statistics
ds351,Cars Datasets (2025),https://www.kaggle.com/datasets/abdulmalik1518/cars-datasets-2025/discussion?sort=hotness,Cars Datasets 2025.csv,124.62kB,car performance
ds352,BMW Worldwide Sales Records (20102024),https://www.kaggle.com/datasets/ahmadrazakashif/bmw-worldwide-sales-records-20102024,BMW sales data (2010-2024) (1).csv(3.39 MB),3.39MB,Car sales
ds353,Shopping_Behavior_Dataset,https://www.kaggle.com/datasets/ahmadrazakashif/shopping-behavior-dataset,shopping_behavior_updated.csv(416.61 kB),416.61kB,Retail and Shopping
ds354,?? World Population by Country 2025 (Latest),https://www.kaggle.com/datasets/asadullahcreative/world-population-by-country-2025,population_data.csv,18.01kB,World Population
ds355,Lifestyle and Sleep Patterns,https://www.kaggle.com/datasets/minahilfatima12328/lifestyle-and-sleep-patterns,Sleep_health_and_lifestyle_dataset.csv(24.14 kB),24.14kB,Lifestyle
ds356,YouTube Music Hits: Top 100 of 2025,https://www.kaggle.com/datasets/emanfatima2025/youtube-music-hits-top-100-of-2025,youtube-top-100-songs-2025.csv,234.01kB,YouTube Songs
ds357,Hospital Beds Management,https://www.kaggle.com/datasets/jaderz/hospital-beds-management,patients.csv(65.04 kB),65.04kB,Hospital Management (synthetic data)
ds358,Global Earthquake-Tsunami Risk Assessment Dataset,https://www.kaggle.com/datasets/ahmeduzaki/global-earthquake-tsunami-risk-assessment-dataset,earthquake_data_tsunami.csv(40.94 kB,40.94kB,Tsunami Risk
ds359,ESPN Soccer Data,https://www.kaggle.com/datasets/excel4soccer/espn-soccer-data,teamStats.csv(11.26 MB),11.26MB,Soccer
